name,category,price
sapien varius ut,food,$636.59
ante ipsum primis,food,$721.17
magnis dis,electronics,$404.00
cras,food,$902.30
suspendisse accumsan,toys,$474.49
mauris ullamcorper,electronics,$364.49
eu,food,$601.41
massa tempor convallis,toys,$779.67
odio curabitur,food,$182.52
semper,toys,$208.76
odio,food,$191.49
varius nulla,toys,$347.07
eget tincidunt,electronics,$614.71
at,food,$982.56
sed accumsan felis,toys,$400.87
donec,toys,$681.52
sem,food,$655.07
vestibulum,food,$221.06
nam dui proin,food,$749.89
morbi odio odio,electronics,$960.18
in quis justo,food,$486.07
cursus,food,$593.54
arcu,toys,$547.92
integer,food,$453.47
pede,electronics,$903.00
in hac habitasse,food,$943.58
varius integer ac,electronics,$352.40
praesent blandit nam,food,$392.48
morbi odio odio,food,$300.34
quam,electronics,$316.57
molestie lorem,toys,$501.45
sagittis nam congue,food,$605.52
sapien sapien non,electronics,$165.83
et,food,$704.66
quam turpis adipiscing,electronics,$87.03
lectus aliquam,toys,$301.37
magna bibendum imperdiet,electronics,$290.56
varius nulla,food,$964.49
urna ut tellus,food,$477.66
pede lobortis ligula,electronics,$733.46
elementum in,toys,$583.37
morbi,electronics,$933.33
iaculis justo in,food,$53.83
varius integer,food,$490.34
nec dui luctus,toys,$420.08
condimentum neque sapien,electronics,$862.99
varius nulla,toys,$481.35
ut erat curabitur,electronics,$727.37
nunc purus,electronics,$339.34
mus,electronics,$770.56
in lacus,toys,$584.57
nunc rhoncus,toys,$824.91
vel augue,toys,$807.88
convallis nunc proin,electronics,$407.50
interdum,electronics,$244.97
platea,food,$165.03
cursus id turpis,toys,$422.32
eu tincidunt in,electronics,$346.43
neque aenean,electronics,$941.23
nunc nisl,food,$842.63
interdum in ante,food,$676.26
nullam orci,electronics,$701.47
ultrices mattis,food,$511.76
morbi quis,electronics,$364.33
lacinia,electronics,$718.70
donec pharetra,toys,$202.68
aliquam,toys,$58.12
eros,toys,$880.13
cras,food,$439.94
dolor,electronics,$655.19
condimentum curabitur in,electronics,$427.04
a ipsum,food,$986.02
pede posuere,toys,$897.58
penatibus et magnis,food,$791.21
tellus nulla,food,$488.81
nibh in quis,toys,$995.79
id ligula suspendisse,electronics,$355.23
nullam sit amet,electronics,$166.82
massa tempor,electronics,$874.26
pede,food,$734.58
amet lobortis,toys,$334.83
dapibus dolor vel,toys,$494.26
rutrum neque,toys,$668.62
luctus,food,$361.71
pede venenatis,electronics,$860.00
felis,food,$715.55
aliquet,electronics,$753.99
sit amet,food,$394.61
nullam,toys,$60.97
quis,food,$131.21
ut volutpat sapien,electronics,$811.97
curae donec pharetra,toys,$707.98
curabitur at,toys,$103.95
ut suscipit,food,$488.98
turpis enim blandit,food,$198.19
sed justo pellentesque,electronics,$721.03
viverra diam vitae,toys,$30.73
augue,electronics,$67.57
ultrices posuere,food,$914.15
pellentesque viverra,food,$143.29
erat eros viverra,food,$5.35
libero quis,toys,$123.67
mauris,electronics,$290.27
magna bibendum imperdiet,food,$920.06
neque vestibulum,toys,$174.15
molestie,food,$133.54
nascetur ridiculus,toys,$970.83
integer,food,$435.55
in hac habitasse,food,$420.50
duis aliquam convallis,toys,$598.97
justo sollicitudin ut,toys,$928.88
orci luctus et,electronics,$63.03
nascetur ridiculus,electronics,$971.25
lorem vitae mattis,food,$593.33
maecenas tincidunt lacus,electronics,$811.98
id justo sit,toys,$817.27
nunc,food,$217.75
primis in,food,$946.94
vestibulum sed,toys,$362.90
ipsum primis,electronics,$691.02
platea dictumst maecenas,food,$816.72
aliquet at,toys,$613.36
adipiscing elit proin,electronics,$128.95
enim,toys,$913.58
in,toys,$415.09
nec,food,$137.34
sapien varius ut,electronics,$672.05
adipiscing lorem,food,$600.49
non,food,$744.55
justo pellentesque viverra,food,$925.45
vulputate,electronics,$203.18
ut at,electronics,$407.51
diam erat fermentum,electronics,$56.15
sed tristique,toys,$371.55
vestibulum,toys,$118.28
lobortis ligula,toys,$585.75
quis,food,$13.42
felis donec,electronics,$438.46
hac,food,$132.22
donec posuere metus,food,$888.96
quisque ut,toys,$913.92
nulla mollis molestie,food,$131.42
consectetuer adipiscing,electronics,$833.80
tortor risus dapibus,electronics,$175.80
sapien ut,food,$802.76
tincidunt,toys,$265.40
tincidunt ante vel,food,$91.59
libero nullam,food,$278.02
vulputate elementum,electronics,$424.63
aenean sit,food,$674.94
amet,toys,$226.96
magnis,toys,$233.55
sit,food,$201.36
risus semper porta,food,$771.99
nulla ac enim,electronics,$774.18
blandit nam nulla,food,$352.40
fusce posuere felis,toys,$285.52
vestibulum ac est,food,$436.88
bibendum morbi non,toys,$233.44
lacinia aenean,toys,$220.98
tempus vivamus,electronics,$812.08
duis,toys,$329.11
in imperdiet et,toys,$907.07
justo lacinia eget,food,$176.79
viverra dapibus,food,$679.37
molestie nibh,food,$592.36
ridiculus mus,toys,$912.64
sollicitudin mi sit,electronics,$547.23
viverra,electronics,$471.87
sem praesent id,electronics,$298.33
in lectus,electronics,$35.05
hac habitasse,food,$414.95
curae duis faucibus,toys,$312.87
nec molestie,food,$459.67
sollicitudin ut suscipit,food,$715.45
ante ipsum,electronics,$147.97
porta volutpat quam,food,$352.97
tortor sollicitudin,food,$71.35
turpis,electronics,$320.66
at diam nam,food,$408.06
integer ac,toys,$124.60
iaculis diam,electronics,$310.42
vestibulum vestibulum ante,toys,$756.95
mauris laoreet ut,electronics,$174.12
tortor risus dapibus,food,$744.39
aliquam,electronics,$164.80
dolor sit,toys,$653.54
consequat dui nec,toys,$676.13
sapien,food,$665.47
lacinia eget tincidunt,food,$994.11
gravida sem,toys,$159.34
consequat,toys,$366.40
accumsan tellus,electronics,$797.73
faucibus orci,electronics,$874.20
suspendisse,electronics,$627.28
proin interdum mauris,food,$974.26
pede,electronics,$167.25
dui vel sem,toys,$302.82
pellentesque viverra pede,food,$816.71
primis in faucibus,food,$279.00
amet eros suspendisse,toys,$172.64
turpis sed ante,toys,$557.49
imperdiet,toys,$348.76
elit proin interdum,toys,$874.88
vivamus metus arcu,food,$685.63
sem,food,$383.76
nascetur,electronics,$468.41
nulla justo aliquam,electronics,$496.19
in,food,$681.37
in faucibus,food,$784.62
sapien a,food,$48.23
eu,food,$887.75
platea dictumst aliquam,electronics,$738.52
posuere,electronics,$890.85
orci,food,$614.21
sapien arcu,food,$918.35
proin eu mi,toys,$240.46
suspendisse accumsan,toys,$495.80
est lacinia,electronics,$609.64
a suscipit nulla,toys,$477.78
sem mauris,electronics,$959.72
morbi porttitor,food,$142.17
augue a,electronics,$703.63
justo sollicitudin ut,electronics,$436.77
luctus rutrum nulla,electronics,$738.70
blandit non interdum,food,$407.52
dui,toys,$361.44
ornare consequat,electronics,$191.95
elit proin,toys,$524.95
erat,toys,$620.50
eget,electronics,$241.72
parturient montes nascetur,toys,$768.95
imperdiet sapien urna,electronics,$233.40
nisl aenean,food,$322.37
elementum eu,food,$392.82
aenean lectus,toys,$484.83
congue risus,food,$391.24
ac tellus semper,electronics,$899.43
hac habitasse,electronics,$979.50
vivamus in felis,toys,$937.66
aliquam,food,$637.27
nec,food,$648.27
est risus,food,$837.68
duis ac,food,$932.59
placerat ante,toys,$268.93
sed,toys,$634.82
et eros,toys,$809.70
amet,electronics,$113.79
leo,food,$262.34
ac diam,electronics,$352.26
nulla,electronics,$261.65
nunc,food,$743.88
justo in,food,$650.04
rhoncus,food,$14.78
a nibh,food,$91.48
neque duis,food,$338.33
nec,electronics,$903.47
lorem vitae mattis,electronics,$84.96
eget,toys,$305.10
duis bibendum,electronics,$405.27
cras,food,$630.49
risus dapibus augue,toys,$460.06
maecenas,electronics,$505.46
amet lobortis,electronics,$143.97
amet consectetuer adipiscing,electronics,$936.03
id pretium,food,$256.26
justo aliquam quis,food,$559.40
sem,food,$258.64
pede venenatis non,toys,$455.98
et ultrices,food,$345.98
cursus,food,$49.54
cubilia curae,toys,$433.68
venenatis non,electronics,$909.08
in hac habitasse,toys,$207.55
enim,food,$640.15
congue vivamus metus,food,$437.98
praesent blandit,food,$842.89
aliquam sit amet,electronics,$673.33
consequat ut nulla,food,$696.37
pharetra magna vestibulum,toys,$748.97
ut,food,$717.41
pharetra magna vestibulum,electronics,$561.78
vel accumsan,electronics,$338.06
nibh in,electronics,$498.51
turpis,food,$621.11
suspendisse ornare,food,$321.48
ut at,electronics,$784.02
augue,electronics,$103.56
magnis,food,$791.52
risus auctor sed,food,$323.26
elementum nullam,toys,$763.90
orci,toys,$166.35
nulla suspendisse,electronics,$332.88
suscipit,electronics,$810.88
commodo placerat,toys,$412.03
odio consequat,electronics,$15.66
magna,electronics,$615.60
vestibulum ante ipsum,food,$326.57
ante vivamus,electronics,$882.05
non mi integer,toys,$136.38
libero,electronics,$192.69
id,electronics,$479.16
massa volutpat,food,$29.23
nibh,toys,$849.99
duis faucibus,toys,$414.48
vestibulum,electronics,$193.32
parturient montes,food,$199.67
at,electronics,$125.84
vestibulum,electronics,$875.40
justo in hac,toys,$22.90
eu,electronics,$340.35
morbi vel,food,$72.19
libero non mattis,electronics,$608.74
dolor,toys,$904.86
morbi vestibulum,electronics,$44.57
faucibus,toys,$83.68
lorem ipsum dolor,toys,$25.51
integer ac,electronics,$421.29
nisi eu,food,$903.68
diam,electronics,$505.23
odio consequat varius,electronics,$59.01
sed,food,$602.08
praesent,toys,$104.66
nec,electronics,$624.98
quisque ut,electronics,$930.16
hac habitasse,food,$310.44
ultrices phasellus id,food,$777.73
velit,toys,$763.53
porttitor lorem id,toys,$283.94
magna bibendum imperdiet,electronics,$874.34
et,food,$552.38
nunc viverra,food,$189.29
eleifend,toys,$826.56
luctus,electronics,$352.96
dignissim,food,$286.34
pede justo eu,food,$27.85
justo in,electronics,$959.25
duis consequat,food,$407.80
dui nec nisi,food,$919.03
facilisi cras non,food,$917.38
erat eros viverra,food,$570.82
vivamus in,toys,$985.13
ridiculus,food,$318.55
amet,electronics,$206.15
posuere,food,$706.18
elementum ligula,toys,$980.49
curabitur convallis duis,toys,$219.87
volutpat sapien arcu,food,$506.46
vestibulum ante,electronics,$12.84
porttitor lorem id,electronics,$179.29
a suscipit,food,$460.88
tortor eu,toys,$607.41
risus semper porta,electronics,$903.94
vestibulum sit,electronics,$724.81
sed tristique,toys,$379.12
erat nulla tempus,food,$435.96
sit amet,toys,$606.81
vitae mattis,food,$717.48
interdum in,electronics,$538.00
nisl duis bibendum,food,$608.31
cubilia curae mauris,electronics,$851.62
porta volutpat erat,toys,$497.70
justo,food,$152.61
proin at,toys,$127.87
consequat varius integer,electronics,$891.07
rhoncus dui vel,electronics,$824.79
diam erat fermentum,electronics,$136.00
faucibus accumsan odio,electronics,$911.20
vitae,food,$522.37
semper sapien a,toys,$35.29
non mauris,toys,$822.90
arcu,toys,$564.24
donec,food,$722.50
lorem ipsum,toys,$206.44
at nibh,food,$20.70
lorem id,toys,$599.31
vel est,food,$437.87
massa id,toys,$482.42
in faucibus orci,toys,$351.30
sapien cum,food,$23.78
metus vitae,electronics,$999.56
sit amet,food,$756.60
ultrices posuere,electronics,$910.35
sed ante,electronics,$182.30
habitasse platea,electronics,$30.04
scelerisque quam,electronics,$579.96
pellentesque viverra,food,$95.31
sapien ut,electronics,$328.58
eget tempus,toys,$484.09
consequat,toys,$746.06
justo,toys,$242.23
pede,electronics,$659.04
aenean sit amet,electronics,$141.65
amet erat nulla,toys,$760.87
aliquam erat volutpat,food,$25.86
tempus vel,food,$525.70
morbi non lectus,food,$823.95
nullam molestie,electronics,$818.41
nonummy,food,$43.98
praesent blandit,food,$587.00
dui nec nisi,electronics,$404.31
nulla,food,$139.60
diam id ornare,toys,$63.15
vestibulum,food,$56.19
nibh,toys,$888.88
sit,food,$93.60
libero convallis,electronics,$291.68
dapibus at diam,toys,$9.22
tincidunt lacus at,electronics,$669.71
rutrum ac lobortis,toys,$281.89
risus praesent lectus,food,$477.85
id,toys,$819.97
sapien ut,toys,$960.21
eros elementum,electronics,$898.05
justo etiam pretium,food,$42.61
ipsum aliquam non,electronics,$508.52
libero nam,toys,$660.17
libero,toys,$823.28
nec,food,$139.71
luctus,electronics,$839.70
orci luctus,toys,$975.97
lobortis,electronics,$58.05
tortor,toys,$108.94
non mauris morbi,toys,$23.38
donec,electronics,$265.66
ipsum dolor,food,$511.43
nonummy,food,$629.60
id,electronics,$521.00
nulla,toys,$406.68
ultrices posuere cubilia,toys,$862.29
cursus,electronics,$330.54
ac nibh,toys,$165.46
primis,electronics,$720.61
est,electronics,$824.63
amet eros suspendisse,electronics,$419.09
enim leo,toys,$100.64
justo pellentesque viverra,electronics,$382.33
amet sem,food,$564.91
pretium iaculis diam,toys,$838.33
auctor sed tristique,electronics,$411.39
duis bibendum,toys,$98.26
habitasse platea,food,$709.79
sit amet,food,$784.84
quis turpis,food,$804.76
at,food,$224.07
risus auctor sed,electronics,$892.89
tincidunt lacus at,toys,$945.51
sapien cum sociis,electronics,$829.98
nascetur,food,$606.01
lorem integer tincidunt,electronics,$674.75
eget orci,electronics,$440.94
non velit donec,electronics,$670.96
aliquam convallis,food,$893.34
amet diam,electronics,$218.65
posuere,toys,$115.65
id,toys,$494.79
ante,food,$588.75
blandit lacinia,toys,$353.84
est risus auctor,toys,$559.80
integer ac neque,food,$564.48
ut erat,toys,$350.83
tellus,food,$135.64
ut nulla,electronics,$445.65
turpis sed ante,food,$968.47
faucibus orci,toys,$92.34
etiam vel augue,toys,$819.00
est congue,toys,$584.55
convallis,food,$887.78
mauris,toys,$862.40
congue etiam,electronics,$761.12
amet justo morbi,food,$265.10
pellentesque,electronics,$173.61
eleifend quam a,toys,$49.33
posuere cubilia curae,electronics,$228.20
ligula in lacus,electronics,$818.01
sit,toys,$344.28
nunc purus phasellus,toys,$147.50
etiam,electronics,$531.02
vestibulum ante ipsum,electronics,$45.45
enim,electronics,$628.97
eget,electronics,$902.85
lobortis,food,$279.72
praesent lectus vestibulum,electronics,$98.16
curabitur at ipsum,food,$678.05
tellus,electronics,$238.54
vulputate,electronics,$209.35
rutrum nulla,toys,$844.43
at diam nam,toys,$698.39
elementum eu interdum,toys,$453.80
auctor gravida,food,$286.92
ultrices,toys,$918.13
velit nec,toys,$610.89
sit,electronics,$651.05
lectus pellentesque,toys,$290.40
fusce consequat nulla,toys,$546.49
ultrices vel augue,toys,$977.70
nulla,food,$397.51
rhoncus aliquet pulvinar,electronics,$124.58
felis donec,toys,$603.43
erat,food,$492.47
metus sapien,food,$823.96
consectetuer adipiscing elit,electronics,$309.54
suspendisse ornare,electronics,$935.84
non velit donec,electronics,$301.51
mi,toys,$792.67
rutrum at,food,$226.11
habitasse platea,electronics,$786.27
morbi,toys,$724.95
neque vestibulum,electronics,$193.61
hendrerit at vulputate,toys,$502.41
cubilia,food,$396.20
lobortis,food,$289.78
lorem vitae,electronics,$999.62
tristique tortor eu,toys,$312.15
mauris,electronics,$353.84
turpis a pede,toys,$245.83
vitae nisl aenean,toys,$246.42
justo etiam,food,$933.72
justo etiam pretium,electronics,$484.34
quisque arcu libero,toys,$968.23
accumsan tortor quis,food,$391.37
integer,electronics,$922.07
ut nunc vestibulum,electronics,$500.52
fusce,electronics,$294.24
in libero ut,toys,$18.93
nisi,toys,$973.18
nam,electronics,$406.65
blandit ultrices,food,$881.32
nisi eu,food,$116.69
nec,electronics,$653.01
sit amet,food,$94.44
in,food,$759.60
nulla pede,toys,$377.09
odio in,food,$271.83
eu,toys,$639.19
justo sollicitudin,toys,$803.56
ut,toys,$650.59
platea dictumst,food,$806.22
faucibus,toys,$829.12
in hac habitasse,electronics,$38.69
et,toys,$921.60
arcu libero,electronics,$143.13
adipiscing lorem vitae,toys,$868.83
felis,electronics,$48.60
lorem ipsum dolor,electronics,$512.46
suspendisse,electronics,$200.25
venenatis,electronics,$791.18
nibh,electronics,$144.72
et,electronics,$571.20
viverra diam,electronics,$209.75
orci luctus,electronics,$393.40
ut,electronics,$336.29
sagittis,toys,$259.45
velit donec,toys,$879.30
nec euismod,food,$223.99
ultrices posuere cubilia,electronics,$349.37
sit amet sem,electronics,$577.46
accumsan,toys,$578.28
id luctus nec,food,$885.05
vel,electronics,$910.78
blandit mi in,electronics,$93.88
tortor eu,electronics,$5.64
elementum nullam varius,electronics,$352.02
nulla pede ullamcorper,food,$224.74
erat volutpat in,electronics,$226.86
non sodales,electronics,$469.71
nulla dapibus dolor,toys,$874.81
accumsan,electronics,$423.19
praesent lectus vestibulum,food,$74.60
ultrices,toys,$351.05
gravida sem praesent,electronics,$8.70
id mauris,toys,$468.70
enim leo rhoncus,food,$113.87
ultrices,food,$704.00
convallis morbi odio,toys,$158.77
fusce posuere felis,toys,$578.84
tortor eu pede,food,$104.70
eleifend quam,electronics,$272.34
nulla,food,$90.80
lectus suspendisse,toys,$116.71
augue,toys,$941.47
ut odio cras,toys,$195.75
libero nullam,electronics,$630.84
etiam faucibus cursus,toys,$749.07
sapien in sapien,food,$875.21
nibh quisque,food,$211.65
porttitor id consequat,electronics,$754.03
felis fusce posuere,electronics,$826.12
venenatis tristique,toys,$952.87
bibendum imperdiet nullam,toys,$63.84
vel nulla,electronics,$624.59
lorem integer,toys,$587.11
aliquet massa,food,$600.56
parturient,food,$176.79
dapibus,food,$914.62
dui,toys,$937.37
sit amet sapien,electronics,$506.05
ut nulla,electronics,$752.60
eget massa tempor,toys,$852.52
sed augue aliquam,toys,$520.65
massa id,toys,$706.20
nulla eget,toys,$120.86
justo etiam pretium,toys,$81.53
erat id mauris,food,$752.36
sapien a,electronics,$140.02
nulla justo aliquam,electronics,$434.27
mauris eget,electronics,$620.61
nibh in,toys,$723.05
nulla tempus,toys,$542.20
enim leo,food,$955.84
nam,electronics,$230.95
sapien quis,food,$97.86
vestibulum,electronics,$914.76
consequat,electronics,$765.12
etiam justo,electronics,$179.93
turpis,electronics,$950.49
elit ac nulla,food,$1.64
porttitor pede,electronics,$420.78
primis in faucibus,food,$844.50
quam fringilla,electronics,$474.18
dictumst maecenas,food,$534.47
amet,toys,$674.99
lectus,electronics,$651.21
ultrices libero non,toys,$121.31
nec sem duis,electronics,$545.44
sollicitudin ut,electronics,$499.97
phasellus,electronics,$302.20
sit amet erat,toys,$138.28
ultrices posuere,electronics,$878.45
lacinia,electronics,$413.76
morbi,toys,$779.22
molestie sed,food,$744.18
et magnis,food,$339.84
pede posuere,electronics,$336.04
orci eget orci,electronics,$130.30
massa,electronics,$547.76
a pede,electronics,$213.06
duis consequat,toys,$863.28
ligula vehicula consequat,food,$188.41
eget,toys,$254.20
in felis,food,$204.85
convallis nulla neque,electronics,$953.34
donec,toys,$424.02
phasellus id,electronics,$405.19
rhoncus aliquet,toys,$722.48
ultrices mattis odio,toys,$865.52
viverra,food,$554.82
commodo vulputate justo,toys,$680.04
pede lobortis,toys,$862.88
metus,toys,$884.19
nibh in,electronics,$634.80
non,food,$241.43
lobortis vel dapibus,food,$476.79
porttitor,toys,$750.40
montes,electronics,$185.85
dictumst etiam,toys,$546.39
felis sed interdum,food,$465.66
et,food,$180.95
arcu adipiscing molestie,toys,$923.70
amet,toys,$399.64
justo lacinia,electronics,$346.94
viverra pede ac,food,$642.41
dictumst,toys,$835.01
donec,toys,$829.20
elementum pellentesque,food,$537.84
lacus,food,$841.79
morbi sem mauris,electronics,$389.92
rhoncus aliquam,toys,$822.85
et magnis dis,toys,$819.95
id sapien,electronics,$389.71
nulla ultrices aliquet,electronics,$826.45
consectetuer,toys,$343.14
erat curabitur gravida,electronics,$464.53
neque,electronics,$894.41
at turpis donec,toys,$951.23
sollicitudin vitae,toys,$543.80
curabitur convallis duis,electronics,$95.17
adipiscing,food,$257.57
volutpat quam,electronics,$280.48
amet eros suspendisse,toys,$622.39
at nibh,toys,$999.31
gravida,electronics,$959.58
ridiculus mus etiam,food,$284.91
luctus,toys,$244.17
tristique fusce congue,food,$431.12
odio,food,$354.50
mattis odio,food,$634.26
molestie hendrerit,food,$303.85
iaculis congue,toys,$150.05
felis sed interdum,toys,$335.85
primis in faucibus,electronics,$736.07
sed interdum,electronics,$877.10
neque vestibulum,electronics,$970.05
sed vel enim,food,$61.16
elementum nullam,food,$18.40
tellus in sagittis,toys,$284.08
massa,food,$879.86
purus phasellus in,toys,$424.43
erat id,toys,$756.40
ut,food,$364.88
dapibus,toys,$614.64
velit,food,$753.84
congue eget,electronics,$126.90
vulputate luctus cum,food,$12.49
vel,toys,$750.24
mauris,food,$205.08
lectus,electronics,$787.57
mus etiam,toys,$865.57
ut ultrices,electronics,$753.67
vivamus metus arcu,toys,$90.78
ut,toys,$591.46
dapibus,electronics,$863.30
sed nisl,electronics,$251.66
in hac habitasse,electronics,$667.52
in,electronics,$44.04
mauris vulputate elementum,toys,$263.92
cursus vestibulum,electronics,$151.35
in,electronics,$52.19
augue,food,$963.90
iaculis,food,$291.13
vivamus,electronics,$714.37
ultrices posuere cubilia,electronics,$464.12
pellentesque,toys,$964.27
nam nulla,electronics,$627.32
duis bibendum,food,$277.48
rhoncus aliquet,food,$293.81
a pede posuere,food,$221.57
nibh,toys,$636.66
posuere,electronics,$775.42
leo,food,$516.55
penatibus et,food,$638.18
ridiculus,toys,$369.22
nulla neque,toys,$886.36
vel augue,electronics,$714.07
mi nulla ac,electronics,$678.84
tempus,electronics,$303.41
vel accumsan,food,$279.38
montes,toys,$570.08
aliquam lacus,electronics,$666.17
in lectus,food,$76.62
ultrices libero non,toys,$758.73
est,toys,$820.66
vestibulum quam sapien,electronics,$978.11
id ligula,food,$187.78
auctor gravida sem,toys,$363.00
in,food,$472.12
ante,electronics,$740.67
amet sem fusce,toys,$120.22
turpis eget,food,$617.90
erat vestibulum sed,electronics,$266.65
consequat,food,$22.99
lectus suspendisse potenti,toys,$927.40
sapien arcu sed,toys,$325.42
nascetur ridiculus mus,toys,$899.49
maecenas,food,$233.39
est quam,food,$482.23
mauris,toys,$534.11
ut,food,$141.23
integer pede justo,electronics,$670.20
neque duis bibendum,electronics,$251.15
magnis dis,food,$239.31
semper,food,$617.30
quam,electronics,$426.88
consectetuer adipiscing,food,$326.61
in ante vestibulum,electronics,$37.10
quis,toys,$199.49
morbi,toys,$227.37
id,food,$605.08
nulla neque,toys,$663.20
cum sociis,toys,$776.25
in libero ut,food,$752.78
dapibus,toys,$656.48
sapien,food,$999.76
pede morbi porttitor,toys,$557.05
erat quisque,food,$713.89
quis tortor,food,$31.67
justo sit,electronics,$443.35
pharetra magna ac,electronics,$428.35
in,food,$990.61
quisque erat,electronics,$627.41
consequat morbi a,food,$776.41
morbi,food,$546.57
ac,electronics,$837.01
est,toys,$552.19
ligula,electronics,$379.41
eros vestibulum ac,food,$356.97
odio,food,$477.74
non velit,electronics,$835.33
sit,toys,$825.74
sapien a,electronics,$162.72
dolor quis,food,$11.69
dolor,toys,$148.72
magnis dis parturient,food,$168.87
vestibulum vestibulum ante,electronics,$955.36
dui,toys,$621.42
lectus pellentesque,electronics,$71.36
maecenas leo,electronics,$48.32
sit,electronics,$338.07
velit,food,$896.88
est et tempus,electronics,$956.71
convallis duis,food,$808.03
molestie lorem,toys,$473.02
volutpat quam pede,food,$3.06
vulputate ut,toys,$230.56
dui maecenas,food,$794.47
vestibulum,food,$767.16
sapien quis libero,toys,$508.25
donec diam,food,$881.24
phasellus,food,$394.66
porttitor,food,$125.01
ut massa,food,$264.40
nulla elit,toys,$173.82
felis ut,toys,$895.86
ac,food,$470.91
purus aliquet,toys,$817.93
nec nisi,food,$809.85
scelerisque quam,food,$667.05
eget semper,toys,$911.96
pretium iaculis,toys,$784.03
purus eu magna,toys,$123.68
vestibulum ac est,electronics,$265.23
vel augue vestibulum,toys,$710.68
quis tortor,food,$665.92
quam fringilla,food,$551.31
pretium nisl ut,electronics,$468.47
est risus auctor,toys,$725.87
nisi vulputate,electronics,$438.04
a feugiat et,toys,$769.28
nullam,toys,$637.71
ullamcorper augue a,toys,$181.06
egestas metus aenean,electronics,$226.79
eleifend quam a,food,$143.56
nisl duis ac,toys,$567.74
turpis,toys,$131.61
elit,toys,$127.46
sodales sed tincidunt,toys,$306.75
montes nascetur ridiculus,toys,$688.24
posuere metus,food,$911.66
odio,food,$362.25
habitasse platea,toys,$602.17
eu sapien,electronics,$45.34
suspendisse,food,$567.29
nibh quisque,toys,$61.36
pharetra magna,food,$44.15
justo morbi,toys,$549.49
orci luctus et,electronics,$412.90
et commodo vulputate,electronics,$417.64
potenti cras in,electronics,$483.64
mollis molestie lorem,electronics,$635.43
cum,electronics,$258.76
lectus pellentesque at,electronics,$871.97
phasellus in felis,food,$423.89
ante ipsum primis,toys,$474.81
elementum in,food,$28.51
ut,electronics,$548.95
ipsum integer a,toys,$129.77
interdum mauris ullamcorper,food,$363.47
sapien varius ut,electronics,$297.30
nulla suscipit ligula,electronics,$582.46
id,food,$608.26
metus,electronics,$716.33
consequat lectus in,toys,$624.74
aliquam,toys,$602.63
euismod scelerisque,toys,$302.42
proin risus,food,$354.26
orci luctus,food,$690.60
blandit mi in,toys,$408.65
diam id ornare,electronics,$354.02
ligula,electronics,$846.22
sed sagittis nam,toys,$705.63
at lorem,food,$995.35
quisque erat eros,food,$710.24
at dolor,food,$606.50
nisl ut,food,$895.61
quis,food,$695.41
pede justo lacinia,food,$138.97
sed nisl nunc,toys,$635.29
aliquam,food,$86.55
metus sapien ut,food,$212.13
justo nec condimentum,food,$398.81
quis orci eget,food,$131.86
faucibus,food,$258.70
eu pede,electronics,$204.66
posuere,food,$267.16
condimentum,toys,$224.86
vel,food,$816.88
massa,toys,$100.26
sagittis,food,$756.49
leo,electronics,$469.13
natoque,electronics,$973.91
neque aenean auctor,electronics,$861.14
donec ut,food,$892.67
feugiat et,food,$415.93
volutpat eleifend donec,electronics,$222.64
ipsum integer,food,$794.80
lectus suspendisse,toys,$730.46
tincidunt,toys,$435.24
integer ac,toys,$312.63
quam turpis adipiscing,toys,$375.63
id ornare imperdiet,electronics,$725.96
sapien,food,$251.06
vitae,toys,$394.26
convallis tortor risus,food,$41.49
rutrum ac,food,$991.33
interdum,food,$815.48
nisi,electronics,$609.06
in consequat ut,electronics,$694.40
dictumst etiam faucibus,electronics,$546.23
in,electronics,$33.04
in,toys,$35.11
donec dapibus,food,$107.88
ante,toys,$69.77
varius nulla facilisi,toys,$809.33
viverra eget congue,food,$916.79
vivamus vel nulla,food,$356.19
cras,toys,$323.13
tempus,food,$812.96
lobortis sapien,food,$591.30
mauris vulputate,food,$285.93
at nibh,food,$382.49
sapien urna pretium,electronics,$108.74
morbi sem mauris,toys,$151.97
vivamus,electronics,$822.73
nulla,electronics,$197.48
diam nam tristique,toys,$705.44
amet consectetuer adipiscing,toys,$168.48
sagittis,electronics,$245.67
morbi quis,electronics,$999.08
lectus,food,$914.61
justo pellentesque viverra,toys,$695.64
est,food,$842.00
vehicula consequat,food,$483.68
pede justo,toys,$824.04
nunc donec,food,$899.27
sit amet,toys,$394.99
dapibus nulla,electronics,$137.33
tempus,food,$87.60
bibendum,food,$821.03
aliquam lacus morbi,toys,$927.50
non,food,$956.32
primis,food,$788.43
pretium,electronics,$654.89
parturient montes nascetur,toys,$303.15
quam,electronics,$281.20
et eros,toys,$933.78
non velit donec,electronics,$231.00
sapien sapien,food,$121.90
diam vitae,food,$995.34
diam,toys,$160.82
varius,electronics,$967.59
platea dictumst morbi,toys,$859.32
ut,food,$217.24
sit amet sem,electronics,$373.09
quisque arcu libero,toys,$633.38
iaculis justo,food,$560.81
nunc viverra dapibus,food,$993.19
ac,toys,$879.58
urna pretium nisl,electronics,$607.16
lobortis sapien,food,$612.15
lectus pellentesque,electronics,$277.38
rhoncus sed,food,$268.03
elit,electronics,$95.44
ac neque duis,electronics,$233.61
convallis duis consequat,toys,$783.42
felis ut,electronics,$207.28
sed,electronics,$392.12
malesuada,food,$644.42
donec dapibus,food,$231.37
libero,food,$658.61
sollicitudin,food,$540.36
ut suscipit,toys,$131.52
ultricies eu nibh,toys,$771.78
volutpat,electronics,$727.63
amet nunc,toys,$10.63
faucibus,electronics,$104.11
volutpat quam,food,$323.20
lobortis ligula sit,food,$281.26
magna,toys,$733.15
posuere cubilia curae,electronics,$600.01
nulla justo,electronics,$182.18
in libero,toys,$523.96
vivamus metus,electronics,$98.32
dictumst,toys,$243.28
velit,toys,$702.73
velit nec nisi,electronics,$732.50
auctor,toys,$915.43
nisi nam,food,$863.99
est,toys,$931.48
purus eu,toys,$527.81
non mi integer,electronics,$114.84
id lobortis,food,$459.86
potenti,toys,$160.40
tempus sit amet,electronics,$480.78
ornare imperdiet sapien,electronics,$588.78
sodales sed tincidunt,toys,$213.10
blandit ultrices enim,food,$903.79
nunc,electronics,$227.74
tincidunt ante,toys,$543.97
vestibulum quam sapien,toys,$153.36
nunc donec quis,food,$445.65
